{"proxies":{"com.geraudbourdin.sensor.SensorModule":{"superPackageName":"org.appcelerator.kroll","methods":{"getSensorInfos":{"runOnUiThread":false,"hasInvocation":false,"args":[{"converter":"org.appcelerator.kroll.KrollConverter","defaultValueProvider":"org.appcelerator.kroll.KrollConverter","name":"type","sourceName":"type","type":"int"}],"apiName":"getSensorInfos","converter":"org.appcelerator.kroll.KrollConverter","defaultValueProvider":"org.appcelerator.kroll.KrollConverter","name":"__default_name__","returnType":"org.appcelerator.kroll.KrollDict"},"getSensorList":{"runOnUiThread":false,"hasInvocation":false,"args":[{"converter":"org.appcelerator.kroll.KrollConverter","defaultValueProvider":"org.appcelerator.kroll.KrollConverter","name":"type","sourceName":"type","type":"int"}],"apiName":"getSensorList","converter":"org.appcelerator.kroll.KrollConverter","defaultValueProvider":"org.appcelerator.kroll.KrollConverter","name":"__default_name__","returnType":"int[]"}},"dynamicProperties":{"brightnessMode":{"set":true,"nativeConverter":"org.appcelerator.kroll.KrollConverter","getMethodName":"getBrightnessMode","setMethodName":"setBrightnessMode","setMethodArgs":[{"converter":"org.appcelerator.kroll.KrollConverter","defaultValueProvider":"org.appcelerator.kroll.KrollConverter","name":"type","sourceName":"type","type":"int"}],"setDefaultProviders":["org.appcelerator.kroll.KrollConverter"],"converter":"org.appcelerator.kroll.KrollConverter","defaultValueProvider":"org.appcelerator.kroll.KrollConverter","retain":true,"javascriptConverter":"org.appcelerator.kroll.KrollConverter","getHasInvocation":false,"runOnUiThread":false,"getMethodArgs":[],"getReturnType":"int","setReturnType":"void","get":true,"name":"brightnessMode","setHasInvocation":false,"getDefaultProviders":[]},"screenBrightness":{"set":true,"nativeConverter":"org.appcelerator.kroll.KrollConverter","getMethodName":"getScreenBrightness","setMethodName":"setScreenBrightness","setMethodArgs":[{"converter":"org.appcelerator.kroll.KrollConverter","defaultValueProvider":"org.appcelerator.kroll.KrollConverter","name":"val","sourceName":"val","type":"int"}],"setDefaultProviders":["org.appcelerator.kroll.KrollConverter"],"converter":"org.appcelerator.kroll.KrollConverter","defaultValueProvider":"org.appcelerator.kroll.KrollConverter","retain":true,"javascriptConverter":"org.appcelerator.kroll.KrollConverter","getHasInvocation":false,"runOnUiThread":false,"getMethodArgs":[],"getReturnType":"int","setReturnType":"void","get":true,"name":"screenBrightness","setHasInvocation":false,"getDefaultProviders":[]},"sensor":{"set":true,"nativeConverter":"org.appcelerator.kroll.KrollConverter","setMethodName":"setSensor","setMethodArgs":[{"converter":"org.appcelerator.kroll.KrollConverter","defaultValueProvider":"org.appcelerator.kroll.KrollConverter","name":"type","sourceName":"type","type":"int"}],"setDefaultProviders":["org.appcelerator.kroll.KrollConverter"],"converter":"org.appcelerator.kroll.KrollConverter","defaultValueProvider":"org.appcelerator.kroll.KrollConverter","retain":true,"javascriptConverter":"org.appcelerator.kroll.KrollConverter","getHasInvocation":false,"runOnUiThread":false,"setReturnType":"void","get":false,"name":"sensor","setHasInvocation":false}},"superProxyClassName":"KrollModule","isModule":true,"genClassName":"SensorModuleBindingGen","superProxyBindingClassName":"org.appcelerator.kroll.KrollModuleBindingGen","proxyClassName":"SensorModule","proxyAttrs":{"propertyAccessors":[],"fullAPIName":"Sensor","name":"Sensor","proxyClassName":"com.geraudbourdin.sensor.SensorModule","isTopLevel":false,"id":"com.geraudbourdin.sensor"},"packageName":"com.geraudbourdin.sensor","sourceName":"com.geraudbourdin.sensor.SensorModuleBindingGen","constants":{"TYPE_STEP_COUNTER":{"proxyName":"TYPE_STEP_COUNTER","name":"TYPE_STEP_COUNTER","type":"int","value":19},"TYPE_STEP_DETECTOR":{"proxyName":"TYPE_STEP_DETECTOR","name":"TYPE_STEP_DETECTOR","type":"int","value":18},"TYPE_ACCELEROMETER":{"proxyName":"TYPE_ACCELEROMETER","name":"TYPE_ACCELEROMETER","type":"int","value":1},"TYPE_ROTATION_VECTOR":{"proxyName":"TYPE_ROTATION_VECTOR","name":"TYPE_ROTATION_VECTOR","type":"int","value":11},"TYPE_PROXIMITY":{"proxyName":"TYPE_PROXIMITY","name":"TYPE_PROXIMITY","type":"int","value":8},"TYPE_SIGNIFICANT_MOTION":{"proxyName":"TYPE_SIGNIFICANT_MOTION","name":"TYPE_SIGNIFICANT_MOTION","type":"int","value":17},"SCREEN_BRIGHTNESS_MODE_AUTOMATIC":{"proxyName":"SCREEN_BRIGHTNESS_MODE_AUTOMATIC","name":"SCREEN_BRIGHTNESS_MODE_AUTOMATIC","type":"int","value":1},"TYPE_GRAVITY":{"proxyName":"TYPE_GRAVITY","name":"TYPE_GRAVITY","type":"int","value":9},"TYPE_LIGHT":{"proxyName":"TYPE_LIGHT","name":"TYPE_LIGHT","type":"int","value":5},"TYPE_LINEAR_ACCELERATION":{"proxyName":"TYPE_LINEAR_ACCELERATION","name":"TYPE_LINEAR_ACCELERATION","type":"int","value":10},"TYPE_GYROSCOPE_UNCALIBRATED":{"proxyName":"TYPE_GYROSCOPE_UNCALIBRATED","name":"TYPE_GYROSCOPE_UNCALIBRATED","type":"int","value":16},"SCREEN_BRIGHTNESS_MODE_MANUAL":{"proxyName":"SCREEN_BRIGHTNESS_MODE_MANUAL","name":"SCREEN_BRIGHTNESS_MODE_MANUAL","type":"int","value":0},"TYPE_GEOMAGNETIC_ROTATION_VECTOR":{"proxyName":"TYPE_GEOMAGNETIC_ROTATION_VECTOR","name":"TYPE_GEOMAGNETIC_ROTATION_VECTOR","type":"int","value":20},"TYPE_MAGNETIC_FIELD":{"proxyName":"TYPE_MAGNETIC_FIELD","name":"TYPE_MAGNETIC_FIELD","type":"int","value":2},"TYPE_ALL":{"proxyName":"TYPE_ALL","name":"TYPE_ALL","type":"int","value":-1},"TYPE_AMBIENT_TEMPERATURE":{"proxyName":"TYPE_AMBIENT_TEMPERATURE","name":"TYPE_AMBIENT_TEMPERATURE","type":"int","value":13},"TYPE_RELATIVE_HUMIDITY":{"proxyName":"TYPE_RELATIVE_HUMIDITY","name":"TYPE_RELATIVE_HUMIDITY","type":"int","value":12},"TYPE_MAGNETIC_FIELD_UNCALIBRATED":{"proxyName":"TYPE_MAGNETIC_FIELD_UNCALIBRATED","name":"TYPE_MAGNETIC_FIELD_UNCALIBRATED","type":"int","value":14},"TYPE_GAME_ROTATION_VECTOR":{"proxyName":"TYPE_GAME_ROTATION_VECTOR","name":"TYPE_GAME_ROTATION_VECTOR","type":"int","value":15},"TYPE_ORIENTATION":{"proxyName":"TYPE_ORIENTATION","name":"TYPE_ORIENTATION","type":"int","value":3},"TYPE_GYROSCOPE":{"proxyName":"TYPE_GYROSCOPE","name":"TYPE_GYROSCOPE","type":"int","value":4}},"isTitaniumSdk":false,"onAppCreate":"onAppCreate"}},"modules":{"com.geraudbourdin.sensor.SensorModule":{"apiName":"Sensor"}}}